Ordem,Material,Número de Série
800003452423,1100672,EVC0022
800003452423,1100672,EVC0023
800003452423,1100672,EVC0024
800003448098,1100672,EVC0001
800003448098,1100672,EVC0002
800003448098,1100672,EVC0003
800003448099,1100672,EVC0004
800003448099,1100672,EVC0005
800003448099,1100672,EVC0006
800003451587,1100672,EVC0007
800003451587,1100672,EVC0008
800003451587,1100672,EVC0009
800003451589,1100672,EVC0010
800003451589,1100672,EVC0011
800003451589,1100672,EVC0012
800003452420,1100672,EVC0013
800003452420,1100672,EVC0014
800003452420,1100672,EVC0015
800003452421,1100672,EVC0016
800003452421,1100672,EVC0017
800003452421,1100672,EVC0018
800003452422,1100672,EVC0019
800003452422,1100672,EVC0020
800003452422,1100672,EVC0021
800003453966,1100672,EVC0025
800003453966,1100672,EVC0026
800003453966,1100672,EVC0027
